name,phone,website,address,rating,reviews,category
National Fence Systems Inc,+1 732-636-5600,http://www.nationalfencesystems.com/,"1033 US-1, Avenel, NJ 07001, United States",4.300000,172,fencing
North East Fencing,+44 7774 166651,https://www.northeast-fencing.co.uk/,,5.000000,53,fencing
NJ fence Installation LLC,+1 908-456-5989,https://njfenceinstallationllc.com/,"1020 Hussa St, Linden, NJ 07036, United States",5.000000,31,fencing
Deptford Fence Company,+1 856-553-1204,https://deptfordfence.com/?utm_source=gbp&utm_medium=social&utm_campaign=gbp_profile,"675S S Evergreen Ave, Woodbury, NJ 08097, United States",4.900000,316,fencing
"Northeast Fencing, LLC",+1 732-379-9764,https://www.northeast-fence.com/,"23 Candlewood Ct, Colonia, NJ 07067, United States",4.900000,330,fencing
Superior Fence & Rail of Northern New Jersey,+1 908-864-5752,https://www.superiorfenceandrail.com/northern-nj/?utm_source=GMB&utm_medium=location&utm_campaign=SFR-Northern-NJ-GMB&utm_content=url-7-6-22,"957 Ball Ave, Union, NJ 07083, United States",5.000000,252,fencing
Modern Fence,+1 732-238-5588,https://modernfenceco.com/,"1527 Livingston Ave, North Brunswick Township, NJ 08902, United States",4.900000,264,fencing
Superior Fence & Rail,+1 732-837-0856,https://www.superiorfenceandrail.com/central-jersey/?utm_source=GMB-Helmetta&utm_medium=location&utm_campaign=SFR-Central-Jersey-GMB&utm_content=url-7-6-22,"4 Main St STE 1, Helmetta, NJ 08828, United States",5.000000,82,fencing
Wayne Fence,+1 973-845-5200,https://www.waynefencenj.com/,"2190 Hamburg Tpke Suite A, Wayne, NJ 07470, United States",4.500000,557,fencing
All Jersey Fence Co.,+1 973-546-5400,https://www.alljerseyfence.com/,"10 US-46, Clifton, NJ 07011, United States",4.400000,58,fencing
Tico Fence,+1 973-939-6373,http://www.ticofencellc.com/,"226 Clinton Ave, Clifton, NJ 07011, United States",4.800000,247,fencing
Artistic Fence Co.,+1 973-779-4540,https://artisticfencenj.com/,"757 River Dr, Passaic, NJ 07055, United States",4.600000,71,fencing
SJ Fence LLC,+1 856-677-7524,https://southjerseyfencecompany.com/,"505 Main Ave, Berlin, NJ 08009, United States",4.900000,140,fencing
DiPasquale Fence,+1 732-536-0660,http://www.dipasqualefence.com/,"482 Monmouth Rd, Millstone Township, NJ 08510, United States",5.000000,119,fencing
J & J Fencing LLC,+1 732-829-6196,https://jandjfencingllc.net/,"215 Woodward Rd, Manalapan Township, NJ 07726, United States",5.000000,86,fencing
Three Brothers Fence Co,+1 201-838-1526,http://threebrothersfenceco.com/,"207 Conway Ct, South Orange Village, NJ 07079, United States",4.900000,108,fencing
Precise Fence and Supply LLP,+1 732-324-3400,https://www.precisefencenj.com/,"329 Prospect St, Perth Amboy, NJ 08861, United States",4.800000,111,fencing
North Jersey Fence & Reno LLC,+1 862-306-4245,https://www.northjersey-fence.com/,"134 Shaw St, Garfield, NJ 07026, United States",5.000000,47,fencing
Superior Fence & Rail of Central & South Jersey and Jersey Shore,+1 732-993-9533,https://www.superiorfenceandrail.com/jersey-shore/?utm_source=GMB-JacksonNJ&utm_medium=location&utm_campaign=SFR-Jersey-Shore-GMB,"634 Herman Rd Suite 2, Jackson Township, NJ 08527, United States",4.800000,226,fencing
American Fence Company Corp,+1 973-546-4373,https://www.americanfence.co/,"48 Overlook Ave, Rochelle Park, NJ 07662, United States",5.000000,40,fencing
"Vinyl Fence Installation in NJ, PA, & NY | Direct Fence Company",+1 201-438-8700,https://directfencenj.com/,"770 Commercial Ave, Carlstadt, NJ 07072, United States",4.400000,407,fencing
Jan Fence,+1 973-834-8682,https://www.janfence.com/,"4 Industrial Rd, Pequannock Township, NJ 07440, United States",4.900000,429,fencing
Mendoza Fence LLC,+1 908-422-7718,,"Industrial Rd, Wall Township, NJ 07727, United States",4.900000,139,fencing
Empire Fence,+1 201-375-5419,http://www.empirefencenj.com/,"397 Roosevelt St Apartment 2, Fairview, NJ 07022, United States",5.000000,44,fencing
American Fence & Supply,+1 609-672-6253,http://fencesupplyamerica.com/,,4.800000,67,fencing
Central Jersey Fence Co,+1 732-828-4411,https://centraljerseyfence.com/,"193 Bennetts Ln, Somerset, NJ 08873, United States",4.500000,8,fencing
JV Fences LLC,+1 732-637-7488,https://www.jvfencellc.com/,"168 Vienna Rd, Howell Township, NJ 07731, United States",5.000000,169,fencing
Alenco Fence & Lumber Corporation,+1 609-654-6060,https://www.alencofence.com/,"167 NJ-70, Medford, NJ 08055, United States",4.600000,170,fencing
Flores Fences LLC,+1 732-720-5395,https://www.floresfencesllc.com/,"1212 Corlies Ave, Neptune City, NJ 07753, United States",4.900000,92,fencing
Precision Fence NJ,+1 732-501-7677,http://www.precisionfencenj.com/,"122 Michael St, Edison, NJ 08820, United States",4.600000,77,fencing
Hidden Fence Company,,https://www.hiddenfence.com/,"304 NJ-10, Randolph, NJ 07869, United States",5.000000,291,fencing
Superior Fence LLC,+1 609-727-3708,https://superiorfencenj.com/,"120 Evergreen Ave, Franklinville, NJ 08322, United States",4.900000,167,fencing
Allied Fence Installers,+1 908-820-9211,http://www.alliedfenceinstallers.com/,"1943 Vauxhall Rd, Union, NJ 07083, United States",4.900000,69,fencing
Superior Fence & Rail,+1 609-299-1030,https://www.superiorfenceandrail.com/south-jersey/egg-harbor-township-fence-company/?utm_source=GMB-LittleEggHarbor&utm_medium=location&utm_campaign=SFR-Jersey-Shore-GMB,"829 Radio Rd Suite 5, Little Egg Harbor Township, NJ 08087, United States",4.900000,82,fencing
FenceUSA | Fencing New Jersey,+1 866-639-7599,https://fenceusa.com/?utm_source=social&utm_medium=organic&utm_campaign=1seo_gmb,"5950 NJ-42, Turnersville, NJ 08012, United States",4.700000,359,fencing
Superior Fence & Rail,+1 856-519-5588,https://www.superiorfenceandrail.com/south-jersey/williamstown-fence-company/?utm_source=GMB-Williamstown&utm_medium=location&utm_campaign=SFR-Jersey-Shore-GMB,"375 N Main St, Williamstown, NJ 08094, United States",4.900000,98,fencing
Top Rail Fence South Jersey,+1 856-403-4030,https://toprailfences.com/south-jersey/,"1879 Old Cuthbert Rd STE 12, Cherry Hill Township, NJ 08034, United States",5.000000,10,fencing
Tri-State Fence & Deck Inc.,+1 856-681-9480,https://www.tristatefenceanddeck.com/?utm_source=google&utm_medium=organic&utm_campaign=gbp,"591 Mantua Blvd Suite 201, Sewell, NJ 08080, United States",4.900000,51,fencing
Martinez Contractors LLC,+1 856-213-5533,https://www.martinezcontractorsllc.com/,,4.900000,49,fencing
Jan Fence,+1 973-834-8720,https://www.janfence.com/,"4 Industrial Rd, Pequannock Township, NJ 07470, United States",4.500000,155,fencing
Taylor Fence Company,+1 732-938-4355,https://www.taylorfencenj.com/,"1246 NJ-33, Howell Township, NJ 07731, United States",4.200000,143,fencing
One Stop Fencing,+1 973-666-0986,https://onestopfence.com/,"24 Lawrence St, Bloomfield, NJ 07003, United States",4.800000,45,fencing
Anello Fence,+1 973-835-4100,http://www.anellofence.com/,"50 NJ-23, Pequannock Township, NJ 07440, United States",4.400000,101,fencing
A A Fence LLC,+1 973-209-0811,http://aafenceco.com/,"176 NJ-23 SOUTH, Hamburg, NJ 07419, United States",4.800000,95,fencing
"New Jersey Best Lawns, Sprinklers & Fencing",+1 888-655-2967,https://njlawn.com/,"195 Lehigh Ave, Lakewood, NJ 08701, United States",4.700000,1764,fencing
"Roof Maxx of Marlboro, NJ",+1 732-299-3577,https://roofmaxx.com/find-a-dealer/new-jersey/marlboro/?utm_source=gmb,,4.900000,114,roofing
Cephalo Roofing New Jersey,+1 908-493-7787,https://cephaloroofing.com/,"2 Technology Dr S, Warren, NJ 07059, United States",5.000000,97,roofing
Asch Roofing,+1 732-238-9917,https://www.aschroofing.com/,,4.700000,144,roofing
"Elite Roofing & Restoration, LLC",+1 908-338-0782,http://njtrustedroofers.com/,"1015A Main St, Woodbridge Township, NJ 08863, United States",4.900000,174,roofing
Dream Home Roofers,+1 856-565-3859,http://www.dreamhomeroofers.com/?utm_source=GBP&utm_medium=Organic&utm_campaign=Dream_Home_Roofers_Bucks_County,,4.500000,443,roofing
Chase Commercial Roofing Flat Roof Specialist LLC,+1 973-822-3600,https://chaseroof.com/roofers-near-me/woodland-park/,"256 Bergen Blvd Ste 301, Woodland Park, NJ 07424, United States",5.000000,110,roofing
NJ Roofing,+1 862-307-7001,https://nj-roofing.ueniweb.com/?utm_campaign=gmb,"55 William St, Newark, NJ 07102, United States",4.900000,29,roofing
R and G Roofing,+1 973-324-9461,https://rghomeservices.com/,"625 Beach St, City of Orange, NJ 07050, United States",4.900000,295,roofing
Best Choice Roofing,+1 908-933-0033,https://bestchoiceroofing.com/jersey-shore/,"409 Joyce Kilmer Ave #316, New Brunswick, NJ 08901, United States",5.000000,61,roofing
4 Seasons Roofing Company,+1 732-740-6561,https://4seasonsroofingcompany.com/?utm_source=omg-gbp&utm_medium=webclick,"2905 Taylor St, Wall Township, NJ 07719, United States",5.000000,129,roofing
Roof4Roof,+1 201-267-3000,https://roof4roof.com/?utm_campaign=gmb,"42 Park St, Montclair, NJ 07042, United States",4.700000,130,roofing
Lightning Construction,+1 862-972-3610,https://lightningconstructionnj.com/?utm_source=google&utm_medium=organic&utm_campaign=gmb-primary-link,"28 Tamarack Dr, Manalapan Township, NJ 07726, United States",4.900000,249,roofing
TS Roofing Contractor,+1 732-201-6799,https://tsroofingcontractor.com/,,5.000000,38,roofing
M&R Roofing,+1 609-414-1228,http://mrroofingllc.com/,"837 Hamilton Ave, Trenton, NJ 08629, United States",4.900000,304,roofing
UBL Roofing,+1 201-515-1617,http://www.ublroofing.com/,"302 6th St, Jersey City, NJ 07302, United States",4.700000,170,roofing
NJ Pro Roofing and Painting LLC,+1 908-477-7667,https://www.njproroofingllc.com/?nocache=1,"985 Roosevelt Ave, Union, NJ 07083, United States",4.900000,38,roofing
Rhino Roofing NJ,+1 908-415-3160,http://www.rhinoroofingnj.com/,"603 Crawford Pl, Port Monmouth, NJ 07758, United States",4.900000,114,roofing
New Jersey Roofing Company,+1 866-921-8004,https://njroofingcompany.com/?utm_campaign=gmb,"520 NJ-17, Carlstadt, NJ 07072, United States",5.000000,80,"roofing, siding"
JERSEY ROOFING LLC,+1 201-931-5367,http://www.jerseyroofingllc.com/,"411 River Dr, Garfield, NJ 07026, United States",5.000000,434,roofing
Viking Roofing New Jersey,+1 856-636-3246,https://www.vikingroofingnewjersey.com/?utm_source=google&utm_medium=gmb&utm_campaign=gmb,"603 Liberty Pl, Sicklerville, NJ 08081, United States",4.900000,155,roofing
Elite Roofing Contractor,+1 201-436-1011,http://eliteroofingincnj.com/,"35 Hudson St #2812, Jersey City, NJ 07302, United States",4.900000,345,roofing
New Jersey Roof Company - General Contractor & Roofing,+1 888-655-6277,,,5.000000,10,roofing
NJ Roofing Maintenance,+1 201-218-3666,https://njroofma.com/,"609 Nassau St, City of Orange, NJ 07050, United States",4.800000,93,roofing
Westgate Roofing,+1 732-393-2572,https://www.westgateroofing.com/,,5.000000,31,roofing
Priority Home Improvements LLC,+1 973-760-5019,https://247priorityhomeimprovements.com/,,5.000000,19,roofing
Top NJ Construction & Roofing,+1 862-388-9084,http://topnjconstruction.com/,"59 Krakow St, Garfield, NJ 07026, United States",5.000000,109,roofing
"Three Brothers Roofing Company, Slate, Flat Roof Repair NJ",+1 201-329-3653,https://threebrothersroofingrepairs.com/,"23 N Farview Ave #11, Paramus, NJ 07652, United States",5.000000,46,"roofing,siding"
True Roofing of Jersey City,+1 201-355-5790,https://trueroofingusa.com/locations/jersey-city-roofing-contractors,,5.000000,26,roofing
Montclair Roofing And Contracting,+1 973-604-2501,https://montclairroofingcontracting.com/?utm_campaign=gmb,"77-79 Washington St, Bloomfield, NJ 07003, United States",5.000000,151,roofing
AMERICAN Roof Repair & Replacement,+1 201-254-9894,https://americanroofingprosnj.com/,"405 Lawton Ave, Cliffside Park, NJ 07010, United States",5.000000,783,roofing
Lincoln Roofing,+1 908-307-1116,https://lincolngeneralconstruction.com/?utm_source=google&utm_medium=organic&utm_campaign=trd&utm_content=website-button,"1588 US-130, North Brunswick Township, NJ 08902, United States",5.000000,185,roofing
Towers Roofing,+1 717-419-4258,http://towersroofing.com/,,4.900000,170,roofing
Grand View Roofing & Exteriors,+1 856-305-9883,https://www.gvexteriors.com/?utm_source=google&utm_medium=listing&utm_campaign=blackwood&utm_term=primary,"5471 NJ-42, Blackwood, NJ 08012, United States",4.900000,302,roofing
Matute Roofing Inc,+1 973-618-6489,https://matuteroofing.com/?utm_source=google&utm_medium=organic&utm_campaign=gbp,"50 Galesi Dr, Wayne, NJ 07470, United States",5.000000,454,roofing
Allied Roofing and Construction LLC,+1 973-851-2768,https://www.alliedconstructionusa.com/,"116 S Main St Suite 12, Lodi, NJ 07644, United States",4.900000,220,roofing
Apex East Roofing,+1 609-653-2233,https://apexeastroofing.com/,"824 W Mill Rd, Northfield, NJ 08225, United States",5.000000,303,roofing
Complete Roof Systems,+1 201-734-5465,http://www.crsroofing.net/,"25 Aladdin Ave, Dumont, NJ 07628, United States",5.000000,364,"roofing,siding"
Right Team Roofing Repair Construction,+1 732-633-5167,https://rightteamconstructionllc.com/,"11 High St, Nutley, NJ 07110, United States",4.900000,322,roofing
Ken Morton Roofing & Siding,+1 856-582-8800,https://www.kenmortonrs.com/,"381 Fries Mill Rd, Sewell, NJ 08080, United States",4.900000,133,roofing
Gaby Roofing Flat Roof Specialist,+1 201-638-8556,https://www.gabyroofing.com/?utm_source=google&utm_medium=wix_google_business_profile&utm_campaign=727360043026015938,"4404 John F. Kennedy Blvd, Union City, NJ 07087, United States",4.900000,136,roofing
Prestige Works Roofing & Siding,+1 201-801-3616,https://prestigeworksroofing.com/,"131 Main St, Hackensack, NJ 07601, United States",4.900000,349,"roofing,siding"
Hammond Roofing,+1 609-923-2527,http://www.richardhammondroofing.com/,"427 W Main St, Maple Shade, NJ 08052, United States",5.000000,128,roofing
DJK Roofing,+1 856-778-3900,https://www.djkroofing.com/,"214 W Main St l2, Moorestown, NJ 08057, United States",4.900000,97,roofing
Splendid Roofing Company,+1 201-745-4923,https://splendidconstructionnj.com/,,5.000000,147,roofing
NY NJ Roofing,+1 845-825-7180,https://nynj-roofing.com/,,5.000000,27,roofing
Right Service Roof Repair and Roof Installation NJ,+1 201-456-6461,https://rightserviceroofing.com/,"426 Plateau Ave, Fort Lee, NJ 07024, United States",5.000000,236,roofing
Superior Roofing Pros – Roofing & Siding Union City,+1 201-875-7282,https://www.superiorroofingpros.com/,"407 Golden Ln, Union City, NJ 07087, United States",5.000000,94,roofing
The USA Roofer,+1 732-201-3310,https://theusaroofer.com/,"167 NJ-33, Manalapan Township, NJ 07726, United States",5.000000,50,roofing
Exterior roofing solutions in NJ,+1 973-277-6940,https://exteriorroofing.solutions/,"732 Elm St, Kearny, NJ 07032, United States",5.000000,29,roofing
"Premier Roofing and Remodelling LLC: Roof Installation Service Mount Laurel, NJ",+1 856-376-0337,http://www.premierroofremodel.com/,,5.000000,65,roofing
Rapid Roofing NJ,+1 732-410-1384,,,4.500000,16,roofing
Ak New Jersey Construction,+1 201-620-1858,http://www.aknjconstruction.com/,,5.000000,38,roofing
Universal Roofing and Contracting South Jersey Roofers,+1 856-303-0945,https://southjerseyroofer.com/,"501 N Pompess Ave, Cinnaminson, NJ 08077, United States",4.900000,62,roofing
Roofing Solutions NJ,+1 872-213-0878,https://roofing-solutions-nj.ueniweb.com/?utm_campaign=gmb,,4.900000,22,roofing
Window King Of New Jersey,+1 609-534-7736,https://windowkingllc.com/?utm_source=googleBusinessProfile&utm_medium=Web&utm_campaign=SpringfieldTownshipNJ,"500 Morris Ave Unit 116, Springfield, NJ 07081, United States",4.500000,15,windows
Window World of Jersey Coast,+1 732-417-5700,https://www.jerseycoastwindows.com/,"27 Northfield Ave, Edison, NJ 08837, United States",4.900000,673,windows
Replacement Windows NJ,+1 973-433-3759,,,4.800000,24,windows
"New Jersey Siding & Windows, Inc.",+1 973-895-1113,https://www.newjerseywindow.com/?utm_source=google&utm_medium=organic&utm_campaign=GMB,"1248 Sussex Turnpike A1, Randolph, NJ 07869, United States",4.800000,164," siding,siding,windows"
Factory Direct Windows and Doors New Jersey,+1 973-834-0204,https://windowsdoorsnewjersey.com/,"82 Stream Bank Dr, Freehold, NJ 07728, United States",4.800000,78,windows
Window & Door Outlet Inc,+1 732-393-1008,http://windowdooroutlet.com/,"2171 Woodbridge Ave, Edison, NJ 08817, United States",4.800000,146,windows
Home Windows NJ,+1 201-381-4029,,,4.800000,21,windows
Universal Windows Direct of New Jersey,+1 732-738-1500,https://www.universalwindowsnj.com/?utm_source=google&utm_medium=local,"1836 NJ-35, South Amboy, NJ 08879, United States",4.700000,121,windows
Window World of North Jersey,+1 973-695-0333,https://www.windowworldnorthjersey.com/,"515 US-46, Fairfield, NJ 07004, United States",4.900000,192,windows
New Window Installation NJ,+1 973-446-2473,,,5.000000,17,windows
Window Gallery North Bergen,+1 201-866-1987,https://windowgallerynb.com/,"603 John F. Kennedy Blvd, North Bergen, NJ 07047, United States",4.700000,31,windows
New View Windows & Doors,+1 973-585-6700,https://www.newviewnj.com/?utm_source=google&utm_medium=organic&utm_campaign=gbp,"8 Great Meadow Ln, East Hanover, NJ 07936, United States",4.800000,154,windows
J&D Building and Windows,+1 732-213-8110,https://buildingandwindows.com/,"614 Cranbury Rd Unit 6206, East Brunswick, NJ 08816, United States",4.900000,106,"siding,windows"
Renewal by Andersen of NJ/NY Metro,+1 908-497-1020,https://www.renewalbyandersen.com/locations/nj-ny-metro,"70 Jackson Dr Suite A, Cranford, NJ 07016, United States",4.900000,5940,windows
Ideal Window Manufacturing Inc.,+1 800-631-3400,https://www.idealwindow.com/,"100 W 7th St, Bayonne, NJ 07002, United States",3.900000,39,windows
"Star Windows, Doors & Roofing",+1 201-737-0487,https://www.facebook.com/Star-Windows-and-Doors-LLC-104970314358650,,5.000000,198,windows
Star Windows Doors Siding and Roofing,+1 201-737-0487,https://starwindowsroofing.com/,,5.000000,42,"windows, siding"
ARDMOR Windows & Doors,+1 856-312-3733,https://ardmor.com/?utm_source=google&utm_medium=organic&utm_campaign=gmb-edison,"22 Meridian Rd UNIT 18, Edison, NJ 08820, United States",4.700000,175,windows
Window Mechanics Direct,+1 856-213-3934,http://www.windowmechanicsdirect.com/,"905 Hamilton Ct, Glendora, NJ 08029, United States",5.000000,181,windows
Window Nation,+1 856-566-7200,https://www.windownation.com/locations/pennsylvania/king-of-prussia/?utm_code=CMP-08802-Y8W8G&utm_source=google&utm_medium=organic&utm_content=GMB_showroom,"9256 Commerce Hwy, Pennsauken, NJ 08110, United States",4.700000,4706,windows
Winstar Windows,+1 973-576-5512,https://www.winstarwindows.com/,"219 Roseland Ave, Essex Fells, NJ 07021, United States",5.000000,218,windows
Deluxe Windows & Doors,+1 973-340-7667,http://deluxewindows-nj.com/,"229 Harrison Ave, Garfield, NJ 07026, United States",4.800000,263,windows
Element Window Company,+1 609-908-5223,http://www.elementwindowcompany.com/?utm_campaign=gmb,"117 Randle Ct, Delran, NJ 08075, United States",5.000000,87,windows
"RWC Windows, Doors, Kitchens, & Baths",+1 973-227-7123,https://rwcnj.com/?utm_source=google&utm_medium=organic&utm_campaign=gbp,"686 Passaic Ave, West Caldwell, NJ 07006, United States",4.900000,246,windows
Window and Glass Repair of South Jersey,+1 609-519-7068,,"8 E Oleander Dr, Mt Laurel Township, NJ 08054, United States",5.000000,41,windows
Siding & Windows Wizards LLC,+1 609-635-0399,http://www.sidingwizard.com/,"1476 Parkside Ave., Trenton, NJ 08638, United States",5.000000,185," siding,siding,windows"
Window MD,+1 201-466-3544,https://windowmdllc.com/,,5.000000,78,windows
Tri-State Window & Siding,+1 732-538-7812,https://tristatewindowandsiding.com/,"86 Lackawanna Ave # 208, Woodland Park, NJ 07424, United States",4.800000,221,windows
"Markey Windows, Doors & More LLC.",+1 908-685-9453,https://www.markeyllc.com/,"618 E Main St suite b, Bridgewater, NJ 08807, United States",4.900000,323,windows
Window Galaxy USA,+1 732-497-2024,https://windowgalaxy.com/,"7050 NJ-35, South Amboy, NJ 08879, United States",4.800000,116,"siding,windows"
United Window & Door Manufacturing Inc,+1 800-848-4550,http://www.unitedwindowmfg.com/,"24 Fadem Rd, Springfield, NJ 07081, United States",4.500000,544,windows
NJ Replacement Windows,+1 973-828-8395,,,5.000000,20,windows
Royal Prime Windows,+1 800-354-0076,https://www.royalprime.com/?utm_source=google&utm_medium=local,"742 Fairfield Ave, Kenilworth, NJ 07033, United States",4.800000,38,windows
Egress Pros - Egress Window Installation Company,+1 201-254-3322,https://egresspros.com/locations/new-jersey-egress-window-company/,"1806 NJ-35 Suite 203g, Oakhurst, NJ 07755, United States",5.000000,36,windows
Bloomfield Window and Door Company,+1 201-889-5864,http://www.bloomfieldwindowanddoor.com/,"452 Broad St, Bloomfield, NJ 07003, United States",5.000000,390,windows
PRO-TECH WINDOWS & DOORS LLC,+1 973-336-1871,https://protechwindow.com/,"253 Central Ave, Hawthorne, NJ 07506, United States",4.900000,43,windows
Toms River Door & Window,+1 732-335-7850,https://tomsriverdoorandwindow.com/,"1540 NJ-37, Toms River, NJ 08755, United States",4.900000,107,windows
Windows & Doors By The Men With Tools,+1 908-224-7997,https://www.themenwithtools.com/,"444 Springfield Ave, Summit, NJ 07901, United States",4.800000,191,windows
NJ Vinyl Siding and Home Improvement,+1 973-615-8446,https://njvinylsidingandhomeimprovement.com/,"80 N Washington Ave # L2, Bergenfield, NJ 07621, United States",5.000000,73," siding,siding,windows"
Energy Windows Doors & More,+1 609-726-5052,https://energywindowstoday.com/?utm_source=gbp&utm_medium=google&utm_campaign=gbp-northfield,"2300 New Rd #201d, Northfield, NJ 08225, United States",4.900000,57,windows
WindowRama,+1 201-265-7555,https://windowrama.com/,"447 NJ-17, Paramus, NJ 07652, United States",4.700000,148,windows
Window Genie of Northwest New Jersey,+1 862-354-6729,https://www.windowgenie.com/locations/new-jersey/northwest-new-jersey/?cid=LSTL_WDG000206&utm_source=gmb&utm_campaign=local&utm_medium=organic,"723 US-206, Andover, NJ 07821, United States",4.900000,777,windows
Window Repair NYC,+1 917-905-3913,https://window-repair-nyc.com/?utm_campaign=gmb,"244 5th Ave 2nd Floor, New York, NY 10001, United States",4.900000,706,windows
Prown's Windows & Doors,+1 732-741-7500,http://www.prowns.com/,"669 NJ-35, Middletown Township, NJ 07748, United States",5.000000,98,windows
Jantek Windows + Doors,+1 609-212-4570,https://www.jantekwindows.com/,"230 NJ-70, Medford, NJ 08055, United States",4.900000,381,windows
AMC Windows & Doors,+1 973-241-1313,http://www.amcwindowsdoorsnj.com/,"19 Royal Ave, Livingston, NJ 07039, United States",4.800000,65,windows
Dr. J's Window and Screen Hospital,+1 732-899-2611,http://drjswindowandscreenhospital.com/,"610 NJ-88, Point Pleasant, NJ 08742, United States",4.300000,45,windows
Adlers House of Glass,+1 973-674-4228,https://glassnewarknj.com/?utm_source=google&utm_medium=organic&utm_campaign=GMB&utm_term=east-orange&utm_content=website,"234 Rhode Island Ave, East Orange, NJ 07018, United States",4.600000,443,windows
"Majestic Exteriors, LLC",+1 732-860-1142,https://majesticexteriors.com/,"420 NJ-34, Colts Neck, NJ 07722, United States",4.800000,267,siding
New America Construction,+1 973-804-9400,https://newamericaconstructionco.com/,"256 Bergen Blvd #205, Woodland Park, NJ 07424, United States",5.000000,120,siding
Zeus Siding & Windows LLC,+1 908-316-2728,http://www.zeussiding.com/,"Rose Terrace, Newark, NJ 07108, United States",4.900000,88,siding
NJ Discount Vinyl Siding,+1 973-487-3704,https://njdiscountvinylsiding.com/,,5.000000,19,siding
B&B Siding and Roofing,+1 732-889-7323,https://bbsiding.com/new-jersey-location/,"8 Leitrim Ln, Hazlet, NJ 07730, United States",5.000000,141,siding
"Summit Siding and Windows, LLC",+1 201-843-8672,https://www.summitsidingnj.com/,,4.900000,54,siding
A&J Siding and Roofing LLC,+1 914-886-5293,https://ajsidingllc.com/,,5.000000,45,siding
NJ Vinyl Siding of Essex County,+1 973-574-3300,https://njvinylsidingandroofingcontractors.com/,"316 Bloomfield Ave, Verona, NJ 07044, United States",5.000000,19,siding
All Pro vinyl siding LLC,+1 732-687-5581,https://www.allprovinylsiding1.com/,"96 Compton St, Belford, NJ 07718, United States",4.900000,77,siding
American Home Contractors,+1 908-771-0123,https://njahc.com/,"297 Main St, Madison, NJ 07940, United States",4.900000,258,siding
American Roofing and Siding,+1 973-542-0710,https://americanroofingandsiding.com/,"1-3 St Marys Pl, Belleville, NJ 07109, United States",4.900000,128,siding
More Core Construction,+1 732-531-5500,http://www.justroofit.com/,"815 NJ-35, Ocean Township, NJ 07712, United States",4.900000,116,siding
Quality Roofing and Siding,+1 856-358-0091,http://qualityroofingandsidingnj.com/,"549 Covered Bridge Rd #3110, Cherry Hill Township, NJ 08034, United States",4.800000,119,siding
American Siding Construction,+1 973-432-3273,http://americansidingconstruction.com/,"53 Euclid Ave, Newark, NJ 07105, United States",4.100000,27,siding
Superior Siding & Windows,+1 973-625-8544,https://www.superior-siding.com/,"16 Sherbrook Dr, Rockaway, NJ 07866, United States",4.900000,151,siding
Quality Vinyl Siding & Windows Contractor New Jersey,+1 973-882-8818,http://www.qualityvinylandsiding.com/?utm_source=Livingston_NJ_GBP&utm_medium=organic,"2 Browning Dr, Livingston, NJ 07039, United States",5.000000,7,siding
Benchmark Siding Co.,+1 908-575-2747,https://benchmarksidingco.com/,,5.000000,20,siding
All County Exteriors,+1 732-466-6923,https://allcountyexteriors.com/?utm_campaign=gmb&utm_medium=organic&utm_source=google,"560 Cross St, Lakewood, NJ 08701, United States",4.800000,740,siding
American Quality Remodeling,+1 609-595-4900,https://www.americanqualityremodeling.com/,"1713 US-130, Burlington, NJ 08016, United States",4.800000,112,siding
"American Construction Roofing, Siding and Windows",+1 856-290-8448,https://amconstruct.com/service-area/roofing-contractor-cherry-hill-nj/?utm_source=google&utm_medium=organic&utm_campaign=googlemybusiness,"1916 Marlton Pike Suite 5, Cherry Hill Township, NJ 08003, United States",5.000000,185,siding
A & S Roofing & Siding LLC.,+1 908-907-3847,http://www.allyourexteriorneeds.com/,"505 Riverside Dr S, Brick Township, NJ 08723, United States",5.000000,115,siding
Empire Siding,+1 484-640-3053,https://empiresidingnj.com/,,5.000000,20,siding
Nunez Home Improvement LLC,+1 908-992-9261,https://www.nunezhomepro.com/,"344 Vine St, Elizabeth, NJ 07202, United States",4.900000,142,siding
Hunterdon Siding and Window Company,+1 908-735-0809,http://www.hunterdonsiding.com/,"1235 Route 31 South, Lebanon, NJ 08833, United States",4.900000,143,siding
Home Genius Exteriors,+1 732-624-6442,https://homegeniusexteriors.com/locations/somerset-nj/?utm_source=google&utm_medium=organic&utm_campaign=new-jersey-gmb&utm_content=website_button,"399 Campus Dr Ste 311, Somerset, NJ 08873, United States",4.800000,658,siding
Garden State Brickface and Siding,+1 908-241-5900,https://www.brickface.com/?utm_source=google&utm_medium=organic&utm_campaign=gbp-listing,"201 Wescott Dr, Rahway, NJ 07065, United States",4.800000,251,siding
Bayshore Roofing & Siding,+1 609-294-8929,https://www.bayshoreroofingnj.com/,,4.700000,38,siding
NJ Roofing and Siding,+1 888-317-1890,https://njroofandsiding.com/,,5.000000,12,siding
"Keystone Roofing, Siding, Windows",+1 732-637-8300,https://keystoneroofingsidingwindows.com/,"1029 US-9 n, Howell Township, NJ 07731, United States",4.700000,380,siding
"American Construction Roofing, Siding and Windows",+1 844-677-6776,https://amconstruct.com/service-area/roofing-contractor-mount-ephraim-nj/?utm_source=google&utm_medium=organic&utm_campaign=gbp-mt-ephraim,"202 Black Horse Pike, Mt Ephraim, NJ 08059, United States",5.000000,143,siding
Garden State Home Exteriors,+1 201-739-8700,https://www.gardenstatehomeexteriors.com/,"150 Broadway, Hillsdale, NJ 07642, United States",4.900000,359,siding
"Elegant Exteriors, LLC Roofing Siding Windows & Gutters",+1 609-949-6061,https://www.elegant-exteriors-llc.com/,"18 Lauren Ln, New Egypt, NJ 08533, United States",5.000000,201,siding
Accurate Roofing & Siding Inc.,+1 609-599-1632,http://www.accurateroofing.com/,"220 Lawrenceville Rd, Lawrence Township, NJ 08648, United States",4.900000,301,"roofing,siding"
Braga Brothers Contracting,+1 732-888-3892,https://www.bragabuildings.com/?local=true,"36 Leland Rd, Colts Neck, NJ 07722, United States",4.900000,256,siding
EM Pro Roofing and Siding,+1 201-468-7795,https://emproroofingandsiding.com/,"157 S Main St, Lodi, NJ 07644, United States",5.000000,160,siding
Golden Labor Construction LLC,+1 973-332-8820,https://instagram.com/goldenlabor_,"115 Jabez St, Newark, NJ 07105, United States",5.000000,48,siding
Dior Construction,+1 866-954-3975,https://www.diorconstruction.com/?utm_campaign=gmb,"37B Woodbine St, Bergenfield, NJ 07621, United States",4.700000,274,siding
Domus Construction,+1 973-275-7222,https://www.domusconstructioninc.com/,,4.900000,245,siding
Novalis Roofing & Siding,+1 973-908-8919,https://novalisroofingandsiding.com/?utm_source=google&utm_medium=organic&utm_campaign=GMBListing-Chatham-NJ,"93 Passaic Ave, Florham Park, NJ 07932, United States",4.900000,320,siding
NJ Roofing & Siding LLC,+1 732-336-9007,https://njroofingsidingllc.com/contact/,"489 Broadway, Long Branch, NJ 07740, United States",5.000000,8,siding
Kepo Siding & Windows,+1 908-553-5850,https://keposidingwindows.com/,"15 Ilene Ct building 12 unit 15, Hillsborough Township, NJ 08844, United States",4.900000,73,siding
ECC Roofing & Siding,+1 609-869-2036,https://www.eccroofing.com/?utm_source=GMB&utm_medium=local,"187 NJ-73, Hammonton, NJ 08037, United States",4.800000,393,siding
Habitat Siding,+1 201-232-3233,https://habitatsiding.com/,,4.700000,24,siding
"Steve Whitman Solar, Roofing, & Siding",+1 732-295-0875,https://www.stevewhitman.com/,"1800 NJ-34 Suite 402, Wall Township, NJ 07719, United States",4.600000,186,siding
NJ Painting Co.,+1 732-239-0932,https://njpaintingco.com/,"36 Church Rd, Marlboro Township, NJ 07751, United States",5.000000,63,paint
Ozzys Painting & Remodeling,+1 973-305-6868,https://ozzyspainting.com/,"16 Moro Terrace, Wayne, NJ 07470, United States",5.000000,168,paint
That 1 Painter Central Jersey,+1 848-200-1532,https://that1painter.com/central-jersey/,,4.900000,93,paint
John's Painting Contractor LLC,+1 908-604-8759,http://www.johnspaint.com/,"76 Crest Dr, Basking Ridge, NJ 07920, United States",4.900000,669,paint
That 1 Painter North Jersey,+1 201-743-4352,https://that1painter.com/north-jersey/,"4-14 Saddle River Rd STE 204, Fair Lawn, NJ 07410, United States",4.900000,155,paint
Solis Painting,+1 908-531-4554,https://www.solispainting.com/,"60 New Brook Ln, Springfield, NJ 07081, United States",4.900000,153,paint
New Jersey Painting Professionals LLC,+1 908-367-0126,https://www.prospaintingnj.com/,"735 US-202, Bridgewater, NJ 08807, United States",5.000000,37,paint
Elite NJ Painting,+1 908-229-4919,https://elitenjpainting.com/,,5.000000,63,paint
Five Star Painting of Edison & Red Bank,+1 732-943-1599,https://www.fivestarpainting.com/edison-nj/?cid=LSTL_FSP-US000189&utm_source=gmb&utm_campaign=local&utm_medium=organic,,4.900000,160,paint
Precision Painting Plus of Montclair,+1 862-282-1950,https://quote.precisionpaintingplus.net/montclair-painters-estimate/?utm_group=GMB&utm_source=GMB&utm_medium=organic&utm_campaign=Passaic_Essex&force_utm=true,"28 Valley Rd Office 145, Montclair, NJ 07042, United States",4.700000,118,paint
MR Paint,+1 908-963-7371,https://mrpaintnj.com/,,5.000000,77,paint
That 1 Painter Essex,+1 973-200-3821,https://that1painter.com/essex/,"520 Speedwell Ave # 114, Morris Plains, NJ 07950, United States",5.000000,145,paint
Brush House Painting and Flooring Services of North Jersey,+1 973-804-6120,https://www.brushhouseofnorthjersey.com/,"25 Riverview Dr, Montclair, NJ 07043, United States",5.000000,629,paint
Pizzazz Painting,+1 609-702-8200,https://pizzazzpainting.com/?utm_source=GMB&utm_medium=organic&utm_campaign=GMB,"2804B Tarnbrook Dr, Mt Laurel Township, NJ 08054, United States",5.000000,567,paint
Jersey City Painters,+1 201-701-1000,https://www.jerseypainter.com/?y_source=googlelocal,"26 Trenton St, Jersey City, NJ 07306, United States",4.800000,17,paint
Hoboken Painter Inc.,+1 201-777-0067,https://www.hobokenpainter.com/,"50 Harrison St PH, Hoboken, NJ 07030, United States",4.900000,54,paint
By Hand Painting LLC,+1 551-336-5882,https://www.byhandpainting.com/,"64 Sterling Ave, Weehawken Township, NJ 07086, United States",5.000000,99,paint
Five Star Painting of Howell and The Jersey Shore,+1 732-592-1123,https://www.fivestarpainting.com/howell/?cid=LSTL_FSP-US000189&utm_source=gmb&utm_campaign=local&utm_medium=organic,,4.900000,132,paint
Painting Plus Home Improvement LLC,+1 856-669-7500,https://paintingplusnj.com/,"5 Perina Blvd, Cherry Hill Township, NJ 08003, United States",4.800000,135,paint
E&C Painting,+1 973-366-8659,http://eandcpainters.com/,"87 Berkshire Ave, Dover, NJ 07801, United States",4.900000,113,paint
Jersey Pro Painters,+1 732-895-8975,http://www.instagram.com/jerseypropainters,"180 Liberty St, Metuchen, NJ 08840, United States",4.900000,68,paint
NJ House Painting Co | Painting & Lead Remediation,+1 856-690-9600,https://njhousepainting.com/,"1819 Cedar Ave STE C, Vineland, NJ 08360, United States",5.000000,7,paint
Paint Plus Home Remodeling,+1 973-876-7806,https://paintplusnj.com/,"65 W Central Ave, Wharton, NJ 07885, United States",4.900000,130,paint
Five Star Painting of Bergen County,+1 201-528-6453,https://www.fivestarpainting.com/bergen-county/?cid=LSTL_FSP-US000189&utm_source=gmb&utm_campaign=local&utm_medium=organic,,4.900000,225,paint
"Brush Masters Painting Of EHT, NJ",+1 609-222-4935,https://www.brushmasterspaintingcontractors.com/home/house-painters-in-egg-harbor-twp-nj,"4027 Ridge Ave, Egg Harbor Township, NJ 08234, United States",5.000000,398,paint
Davis Painting New Jersey,+1 732-688-2109,https://davispainting.com/locations/nj/,"1467 NJ-38, Hainesport, NJ 08036, United States",5.000000,26,paint
Precision Painting Plus of Central New Jersey,+1 732-978-9593,https://quote.precisionpaintingplus.net/central-nj-painters-estimate/?utm_group=GMB&utm_source=GMB&utm_medium=organic&utm_campaign=Middlesex_Monmouth&force_utm=true,"4400 US-9 #1000, Freehold, NJ 07728, United States",4.900000,46,paint
CertaPro Painters of North Bergen County,+1 201-447-4422,https://certapro.com/north-bergen-county/landing-page/residential-gbp-landing/,,4.900000,242,paint
Franks Painting,+1 201-522-1019,http://paintingbyfranks.com/,"373?park ave, Scotch Plains, NJ 07076, United States",5.000000,134,paint
D&R painting llc,+1 732-275-4124,https://drrpainting.com/,"25 Lorain St, New Brunswick, NJ 08901, United States",4.900000,40,paint
"CertaPro Painters of Clifton, NJ",+1 201-489-2100,https://certapro.com/clifton/?utm_source=google&utm_medium=organic&utm_campaign=gmb,"15 Warren St # 37, Hackensack, NJ 07601, United States",4.900000,372,paint
"Painting Services | Jerry's Painting, NJ | Light Carpentry Repairs",+1 908-656-0320,http://www.jerryspaintingnj.com/,,5.000000,86,paint
"CertaPro Painters of Morristown, NJ",+1 973-998-7577,https://certapro.com/morristown/landing-page/residential-gbp-landing/?utm_source=google&utm_medium=organic&utm_campaign=gbp_landing,"35 Pine St, Morristown, NJ 07960, United States",4.900000,372,paint
J Canabe's Painting Company,+1 201-804-7600,http://www.canabecolorexpert.com/,"518 Stuyvesant Ave, Lyndhurst, NJ 07071, United States",4.800000,49,paint
Mark Tirondola Jr. Painting Contractor LLC,+1 973-210-4848,https://www.tirondolapainting.com/,,4.900000,133,paint
EDP Painting Company - Painter,+1 973-908-5109,http://www.edp-painting.com/,,4.900000,56,paint
"JNG Painting, LLC",+1 973-855-6258,https://www.jngpainting.com/,"725 Alps Rd, Wayne, NJ 07470, United States",5.000000,137,paint
CertaPro Painters of South Jersey,+1 856-506-0543,https://certapro.com/cherryhill/landing-page/residential-gbp/?utm_source=google&utm_medium=organic&utm_campaign=gmb,"1818 Old Cuthbert Rd, Cherry Hill Township, NJ 08034, United States",4.800000,167,paint
Alpine Painting & Sandblasting Contractors,+1 866-596-0349,https://www.alpinepainting.com/,"17 Florida Ave, Paterson, NJ 07503, United States",5.000000,125,paint
Bart Professional Painting - New Jersey,+1 908-313-4466,http://bartspropainting.com/,"382 New Dover Rd, Colonia, NJ 07067, United States",4.900000,37,paint
"CertaPro Painters of Edison, NJ",+1 732-204-6020,https://certapro.com/edison/landing-page/residential-gbp/?utm_source=google&utm_medium=organic&utm_campaign=gbp_landing,"2045 Woodbridge Ave, Edison, NJ 08817, United States",4.600000,212,paint
CertaPro Painters of Mount Laurel,+1 856-857-5759,https://certapro.com/mount-laurel/landing-page/residential-gbp/?utm_source=google&utm_medium=organic&utm_campaign=gbp_landingpage,"4201 Church Rd E Store #11, Mt Laurel Township, NJ 08054, United States",4.900000,443,paint
Original Design Painting,+1 856-401-0101,http://originaldesignpainting.com/,"622 Geneva Ave, Blackwood, NJ 08012, United States",5.000000,327,paint
Posh Painting LLC,+1 201-962-2600,https://www.poshpaintingramsey.com/,"1 W Main St, Ramsey, NJ 07446, United States",4.900000,114,paint
Silva Pro Painting LLC,+1 732-703-2040,http://www.silvapropainting.com/,,4.900000,66,paint
Grand Slam Painting,+1 908-300-0076,https://grandslampainting.com/,"322 Elm St, Westfield, NJ 07090, United States",5.000000,128,paint
Sweet Painting NJ,+1 347-261-6141,,,5.000000,43,paint
Happy Home Painter,+1 856-916-1350,https://happyhomepainter.com/,,4.900000,35,paint
American Painting Standard | House Painters New Jersey,+1 908-619-3201,https://americapaintingstandard.com/,"668 Mansfield Village, Hackettstown, NJ 07840, United States",5.000000,20,paint
Five Star Painting of Summit,+1 908-364-5589,https://www.fivestarpainting.com/summit/?cid=LSTL_FSP-US000189&utm_source=gmb&utm_campaign=local&utm_medium=organic,,4.900000,214,paint
Stuart Painters,+1 551-270-4855,https://www.stuartpainters.com/,"64 Peach Hill Ct, Ramsey, NJ 07446, United States",5.000000,57,paint
J&J INTERIOR PAINTING LLC,+1 201-724-8087,http://jjinteriorpainting.com/,,4.800000,49,paint
Bucks County Painters,+1 267-810-3352,http://www.bcpaintersllc.com/,,4.900000,129,paint
Fencing & Beyond,+1 609-251-8171,http://fencingandbeyond.com/,"33 Whitford Dr, Burlington Township, NJ 08016, United States",5.000000,65,fencing
Fence Pro by Bruno LLC,+1 973-259-5354,https://fenceprobybruno.com/,"73 Valley View Terrace, Wayne, NJ 07470, United States",4.900000,214,fencing
Garden State Fence & Supply,+1 732-910-9620,https://www.gardenstatefence.com/,"100 Goldman Dr, Cream Ridge, NJ 08514, United States",5.000000,109,fencing
Liberty Fence Of Leonardo Inc.,+1 732-872-2555,http://libertyfencenj.com/,"68 Leonard Ave, Leonardo, NJ 07737, United States",4.900000,35,fencing
Fences By Dente,+1 732-775-3737,https://fencesbydente.com/,"108 Drummond Ave, Neptune City, NJ 07753, United States",4.800000,99,fencing
Ocean Fence,+1 609-607-7722,http://oceanfencenj.com/,"7th St, Waretown, NJ 08758, United States",4.900000,77,fencing
Imperial Fence and Construction,+1 646-353-3003,http://www.fence-imperial.com/,"44 Spyglass Ct, East Windsor, NJ 08520, United States",4.800000,73,fencing
Border Fence,+1 732-277-2816,https://listings.broadly.com/border-fence/,"18 Whitehead Ave, South River, NJ 08882, United States",5.000000,10,fencing
Fencecrafters,+1 908-692-0049,http://www.fencecraftersnj.com/fc-estimate-request.html,"8 S Main St Suite 268, Marlboro Township, NJ 07746, United States",5.000000,148,fencing
All Star Fence,+1 732-364-7511,http://allstarcontracting.com/,"150 Faraday Ave Suite B, Jackson Township, NJ 08527, United States",4.900000,99,fencing
Virtue Fence Company,+1 973-939-1411,https://www.virtuefence.com/,"4 Woodport Rd, Wharton, NJ 07885, United States",4.900000,353,fencing
Endevers Fence,+1 856-481-6098,https://www.endeversfence.com/,"314 W Collings Dr, Williamstown, NJ 08094, United States",4.800000,158,fencing
Sargeant Fence & Construction LLC,+1 862-205-9181,http://sargeantfc.com/,"201 Indiana St, Maplewood, NJ 07040, United States",4.900000,39,fencing
North Jersey Fences,+1 973-580-4421,http://www.northjerseyfences.net/,"50 Winona Trail, Lake Hopatcong, NJ 07849, United States",4.700000,13,fencing
Guardian Fence Co.,+1 973-824-1850,,"180 Wright St, Newark, NJ 07114, United States",4.600000,25,fencing
"Challenger Fence, Inc.",+1 973-772-2593,http://www.challengerfence.com/,"53 Kentucky Ave, Paterson, NJ 07503, United States",4.400000,236,fencing
Legacy Fence Nj LLC,+1 732-718-0818,,"402 Park Ave, Union Beach, NJ 07735, United States",4.800000,37,fencing
Monmouth Fence LLC,+1 732-266-0419,http://www.monmouthfencellc.com/,"160 Vliet St, Spotswood, NJ 08884, United States",4.300000,12,fencing
Classic Fence & Landscape LLC,+1 732-409-7098,http://classicfencenj.com/,"254 Monmouth Rd, Manalapan Township, NJ 07726, United States",5.000000,396,fencing
Mr. Fence,+1 732-303-1614,http://www.mrfencefreehold.com/,"630 US-9, Freehold, NJ 07728, United States",4.500000,108,fencing
QueFence,+1 732-884-1900,http://quefence.com/,"1640 Wyckoff Rd, Wall Township, NJ 07727, United States",4.800000,35,fencing
Boundary Fence,+1 732-222-4405,,"22 Park Blvd, Ocean Township, NJ 07712, United States",5.000000,6,fencing
GMX Fencing,+1 732-631-4028,https://www.gmxfencing.com/,"530 Fischer Blvd, Toms River, NJ 08753, United States",4.600000,114,fencing
"MAC Fencing, LLC",+1 732-305-0234,http://macfencing.com/,"1889 Lakewood Rd Unit 92, Toms River, NJ 08755, United States",5.000000,82,fencing
"Carl's Fencing, Decking & Home Improvements",+1 732-696-4244,https://bycarls.com/?utm_source=google&utm_medium=mybusiness&utm_campaign=freehold,"3468 US-9, Freehold, NJ 07728, United States",4.500000,183,fencing
American Choice Railing & Fencing,+1 732-793-1765,https://www.americanchoicerailings.com/,"5005 Belmar Blvd a1, Wall Township, NJ 07727, United States",4.700000,13,fencing
Pro-Fencing,+1 732-300-2355,http://profencingnj.com/,"2411 Algonkin Trail, Manasquan, NJ 08736, United States",5.000000,12,fencing
Hapco Fence Contractors,+1 732-747-7552,http://www.hapcofence.com/page4,"77 Drs James Parker Blvd, Red Bank, NJ 07701, United States",5.000000,2,fencing
Legend Fence,+1 732-503-3392,http://legendfenceco.com/,"2001 Deerhead Lake Dr, Forked River, NJ 08731, United States",4.900000,72,fencing
Coastal Fence LLC,+1 609-489-2391,http://www.coastalfenceus.net/,"326 Winding Oak Trail, Manahawkin, NJ 08050, United States",4.900000,65,fencing
"Atlantic Fence Enterprise, LLC",+1 609-290-4655,http://www.atlanticfenceenterprise.com/,"46 Dogwood Dr, Barnegat, NJ 08005, United States",4.900000,23,fencing
Danny's Fence,+1 732-586-5553,http://www.dannysfence.com/,"261 Alabama Ave, Toms River, NJ 08753, United States",4.800000,51,fencing
"Express Fencing, LLC",+1 732-569-3906,http://expressfencing.com/,"727 US-9, Lanoka Harbor, NJ 08734, United States",5.000000,140,fencing
O.K. Express LLC,+1 413-388-1546,https://ok-express-llc.com/,"316 Assunpink Blvd, Trenton, NJ 08619, United States",5.000000,13,fencing
Stone Harbor Fence,+1 609-425-2885,http://www.stoneharborfencenj.com/,"39 Stoney Ct Unit D, Ocean View, NJ 08230, United States",4.800000,18,fencing
J&G Fast Construction LLC,+1 609-231-3879,http://jgfastconstruction.com/,"117 Harvey Dr, Northfield, NJ 08225, United States",4.900000,29,fencing
BM Fence Solutions,+1 609-436-7177,http://www.bmfencesolutions.com/,"109 Birch Ave, Egg Harbor Township, NJ 08234, United States",4.700000,42,fencing
Ocean City Vinyl Fence Co,+1 609-399-8288,,"712 Haven Ave, Ocean City, NJ 08226, United States",5.000000,8,fencing
Dennisville Fence,+1 609-861-4031,https://dennisvillefence.com/company-info/main-office/,"16 Hall Ave, Dennisville, NJ 08214, United States",4.900000,614,fencing
York Fence Co,+1 908-722-9975,http://www.yorkfence.com/,"100 Dukes Pkwy E, Hillsborough Township, NJ 08844, United States",4.400000,73,fencing
EGY FENCING LLC,+1 732-447-3563,,"41 Whitehead Ave, South River, NJ 08882, United States",4.400000,8,fencing
Capital Fence,+1 908-486-0330,http://capitalfence.squarespace.com/,"2300 E Linden Ave, Linden, NJ 07036, United States",4.600000,10,fencing
East Brunswick Fencing Company- Precision Fence,+1 732-425-8825,http://www.precisionfencenj.com/,"197 Applegate Ln, East Brunswick, NJ 08816, United States",5.000000,4,fencing
All Quality Fence,+1 973-927-0722,https://www.allqualityfencenj.com/,"955 US-46, Kenvil, NJ 07847, United States",4.800000,156,fencing
American Fence Systems Inc,+1 908-222-0188,http://americanfencesystem.com/,"2279 S Clinton Ave, South Plainfield, NJ 07080, United States",3.400000,27,fencing
Bergen Fence,+1 201-641-2111,http://www.bergenfence.com/,"279 Bergen Turnpike, Ridgefield Park, NJ 07660, United States",4.600000,224,fencing
Anchor Fence Contractors,+1 201-722-0789,http://www.anchorfencecontractors.com/,"115 Patterson St, Hillsdale, NJ 07642, United States",4.400000,84,fencing
Vista Fence Company LLC,+1 862-384-1434,,"154 Charles St Rear, Garfield, NJ 07026, United States",5.000000,58,fencing
A&W Fence Corp.,+1 973-272-6354,https://saddlebrookfencingcontractors.com/,"115 Dell Glen Ave, Lodi, NJ 07644, United States",4.900000,57,fencing
Superior Fence & Rail of Passaic and Bergen Counties,+1 862-457-4295,https://www.superiorfenceandrail.com/passaic-bergen-counties/?utm_source=GMB&utm_medium=location&utm_campaign=SFR-passaic-bergen-counties-GMB&utm_content=url-7-6-22,"18 Paradise Rd, Oak Ridge, NJ 07438, United States",5.000000,4,fencing
Castillo Fence LLC,+1 973-425-5174,https://www.castillofencecompany.com/,"152 Passaic St, Passaic, NJ 07055, United States",4.500000,58,fencing
Altitude Construction Group LLC,+1 201-921-6186,https://altitudecsgroup.com/,"411 Semel Ave, Garfield, NJ 07026, United States",5.000000,64,fencing
Mr. C. Fence,+1 973-478-8885,https://mrcfence.com/,"635 Midland Ave, Garfield, NJ 07026, United States",4.400000,89,fencing
Good Neighbors Fence Co,+1 973-340-2664,https://goodneighborsfencecompany.com/,"259 Palisade Ave, Garfield, NJ 07026, United States",4.600000,20,fencing
Anzalone Fence Company,+1 201-343-7303,http://www.anzalonefence.com/,"295 Huyler St, South Hackensack, NJ 07606, United States",3.800000,17,fencing
"Essex Fence Company, L.L.C.",+1 973-625-4122,https://www.essexfence.com/,"132 US-46, Rockaway, NJ 07866, United States",4.700000,106,fencing
Academy Fence Company Inc,+1 973-674-0600,http://www.academyfence.com/,"119 N Day St, City of Orange, NJ 07050, United States",4.200000,129,fencing
FIDELITY FENCE AND PAVERS L.L.C.,+1 640-204-5062,http://fidelityfenceandpavers.com/,"935 Broad St Unit C, Bloomfield, NJ 07003, United States",5.000000,87,fencing
Best Gate & Fence of NJ Inc.,+1 973-992-3665,http://www.bestgateandfenceofnj.com/,"1275 Bloomfield Ave building 6 suite 35, Fairfield, NJ 07004, United States",4.700000,33,fencing
GM Fence,+1 973-386-1818,http://www.gmfence.com/,"26 Eisenhower Pkwy, Roseland, NJ 07068, United States",4.000000,37,fencing
Five Star Fence LLC,+1 862-902-6160,https://fivestarfencenj.com/,"60 Joseph St, Newark, NJ 07105, United States",4.700000,7,fencing
All Custom Fence Designs,+1 973-324-2343,https://www.allcustomfencedesigns.com/,"257 Watchung Ave, West Orange, NJ 07052, United States",4.300000,204,fencing
Mine Hill Fence Builders,+1 862-219-9249,https://minehillfencebuildersincnj.com/,"355 US-46 STE A, Mine Hill Township, NJ 07803, United States",4.700000,19,fencing
All Fence Company LLC,+1 973-538-2382,http://allfencecompany.com/,"26 Emmet Ave, Morristown, NJ 07960, United States",4.200000,5,fencing
F I Fence LLC,+1 973-876-7272,https://www.fifencellc.com/,"25 Dorset Dr, Hackettstown, NJ 07840, United States",5.000000,127,fencing
My Fence & Railings 2 Go,+1 973-834-8736,https://www.myfence2go.com/,"65 NJ-23, Pequannock Township, NJ 07440, United States",4.400000,18,fencing
Troy Fence Inc.,+1 973-334-2105,http://troyfencenj.com/,"408 N Beverwyck Rd, Parsippany-Troy Hills, NJ 07054, United States",5.000000,6,fencing
BoardRLine Fence LLC.,+1 973-903-9130,http://www.boardrlinefence.com/,"20 Station Rd, Columbia, NJ 07832, United States",5.000000,14,fencing
US Masonry & Fencing LLC,+1 609-558-5683,https://usmasonryfencellc.com/,"21 Ray St, Ewing Township, NJ 08638, United States",5.000000,26,fencing
"Herdt Fencing, Inc",+1 609-298-2201,http://www.herdtfencing.com/,"183 Bordentown Crosswicks Rd, Crosswicks, NJ 08515, United States",4.600000,51,fencing
ARL Fence,+1 609-880-5586,https://arlfence.net/,"208 Lyons Ln, Fieldsboro, NJ 08505, United States",5.000000,1,fencing
Suburban Fence Company,+1 609-695-3000,http://suburbanfencecompany.com/,"532 Mulberry St, Trenton, NJ 08638, United States",4.500000,15,fencing
Straight Forward Fence Co,+1 609-882-6276,http://www.straightforwardfence.com/,"Lawrenceville, NJ 08648, United States",5.000000,1,fencing
Bob White Fence Co. LLC,+1 609-818-1360,http://www.bobwhitefenceco.com/,"205 Pennington - Harbourton Rd, Pennington, NJ 08534, United States",4.300000,7,fencing
Accurate Fence NJ,+1 908-351-7358,http://www.accuratefencenewjersey.com/,"40 Hillside Rd, Elizabeth, NJ 07208, United States",5.000000,15,fencing
Mr B Fence Sales & Installation Inc,+1 609-882-6727,,"1440 Prospect St, Trenton, NJ 08638, United States",3.600000,9,fencing
Homestead Fence Co,+1 609-296-1829,http://homesteadfence.com/,"637 Main St, West Creek, NJ 08092, United States",4.000000,44,fencing
"Atco Fence Company, Inc.",+1 856-767-4735,http://www.atcofence.com/,"653 White Horse Pike, Atco, NJ 08004, United States",3.500000,47,fencing
Horner Brothers Fence - Hamilton/Lumberton,+1 609-298-6438,https://www.hornerbros.com/,"111 Maple Grove Blvd, Lumberton Township, NJ 08048, United States",4.700000,80,fencing
Discount Fence Co. Inc.,+1 856-665-1033,http://www.fenceinc.com/,"6959 S Crescent Blvd, Pennsauken, NJ 08110, United States",4.000000,30,fencing
H&J Fence Supply Company,+1 856-595-4553,https://hjfencesupply.com/,"675s S Evergreen Ave #2, Woodbury, NJ 08097, United States",4.700000,55,fencing
Harris Fence Corp,+1 609-387-4050,http://www.harris-fence.com/,"1106A Jacksonville Rd, Burlington, NJ 08016, United States",3.800000,32,fencing
Progressive Fence & Railing,+1 609-908-4720,https://progressivefenceandrail.com/,"6512 Black Horse Pike, Egg Harbor Township, NJ 08234, United States",4.200000,123,fencing
AM Fence Co,+1 856-667-5856,https://amfenceco.com/,"203 N Madison Ave, Cherry Hill Township, NJ 08002, United States",4.400000,58,fencing
F.C. Fence Co.,+1 609-723-3554,https://www.fcfenceco.com/,"122 Wrightstown Georgetown Rd, Wrightstown, NJ 08562, United States",5.000000,5,fencing
Camden Iron Railing and Discount Fence,+1 856-541-5533,http://www.camdenrailingandfence.com/,"134 N 27th St, Camden, NJ 08105, United States",5.000000,79,fencing
The Fence Guy,+1 856-547-5163,https://www.thefenceguynj.com/,"15 E Vassar Rd, Audubon, NJ 08106, United States",4.900000,54,fencing
American Discount Fence,+1 856-939-3022,http://www.americandiscountfence.com/,"777 W Clements Bridge Rd #1928, Runnemede, NJ 08078, United States",4.700000,141,fencing
Audubon Fencing,+1 856-742-7227,https://audubonfence.com/,"412 Crescent Blvd, Brooklawn, NJ 08030, United States",4.400000,303,fencing
South Camden Iron Works Inc (SCIW),+1 856-423-1107,http://www.sciw.com/contact/,"534 Swedesboro Ave, Mickleton, NJ 08056, United States",4.400000,16,fencing
"Liberi Fence, LLC",+1 856-212-1330,http://www.liberifence.com/,"141 Ganttown Rd, Turnersville, NJ 08012, United States",5.000000,128,fencing
K and J Fence Inc.,+1 856-875-6233,https://www.kandjfence.com/,"3597 S Black Horse Pike, Williamstown, NJ 08094, United States",4.000000,158,fencing
Ferry Fence,+1 856-456-7745,,"456 7th St, Gloucester City, NJ 08030, United States",4.700000,9,fencing
C & K Fencing,+1 609-374-1677,http://www.ckfencingnj.com/,"456 S Liverpool Ave, Egg Harbor City, NJ 08215, United States",5.000000,98,fencing
Freedom Fence,+1 973-835-7777,http://freedomfencenj.com/,"340 NJ-23, Pompton Plains, NJ 07444, United States",3.800000,64,fencing
A-1 Fence Incorporated and Railings,+1 908-527-1066,,"166 7th St, Elizabeth, NJ 07201, United States",4.100000,22,fencing
"Statewide Fence Contractors, LLC",+1 908-232-8822,http://www.statewidefenceco.com/,"651 South Ave, Garwood, NJ 07027, United States",3.900000,42,fencing
Greatescape LLC,+1 908-296-6805,http://www.greatescapellc.com/,"305 S Union Ave, Cranford, NJ 07016, United States",4.500000,41,fencing
Fences Alert,+1 908-965-0554,http://www.fencesalert.com/,"215 Rankin St, Elizabeth, NJ 07206, United States",4.700000,3,fencing
All-State Fence Inc,+1 908-218-1484,,"Somerville, NJ 08876, United States",5.000000,1,fencing
Eagle Fence & Supply,+1 908-526-5775,http://www.eaglefence.com/,"3220 US-22, Branchburg, NJ 08876, United States",4.200000,57,fencing
The Fencing Outlet,+1 908-655-2102,,"94 S 21st Ave, Manville, NJ 08835, United States",4.500000,2,fencing
Erick Fence LLC,+1 908-444-1119,,"91 Townsend St, New Brunswick, NJ 08901, United States",5.000000,1,fencing
Handyman Near You NJ,,https://www.handymannearyounj.com/,"23 Welcome Farms Rd, Monmouth Junction, NJ 08852, United States",5.000000,23,fencing
"Jersey City, NJ",+1 201-701-2200,https://www.fencingjerseycity.com/contact,"158 Chestnut Ave # 5, Jersey City, NJ 07306, United States",0.000000,0,fencing
Level Fence,+1 609-313-0343,http://levelfence.com/,"121 Franklin Ave, West Berlin, NJ 08091, United States",4.700000,19,fencing
Solanos Fence,+1 973-220-7638,http://www.solanosfence.com/,"1275 Bloomfield Ave Building 3 Suite 51, Fairfield, NJ 07004, United States",4.400000,35,fencing
Cobra Fencing Club,+1 201-401-2501,http://www.cobrafencing.com/?utm_source=google&utm_medium=wix_google_business_profile&utm_campaign=17186949558147849717,"629 Grove St, Jersey City, NJ 07310, United States",4.800000,24,fencing
Done Right Roof Repair and Replacement,+1 201-846-0531,https://doneriteroofingandgutters.com/,"143 Farnham Ave, Garfield, NJ 07026, United States",4.900000,454,roofing
Right Server Roof Repair and Roof Replacement NJ,+1 973-659-4379,http://rightserverroofrepairandroofreplacementnj.com/,"106 NJ-183, Stanhope, NJ 07874, United States",5.000000,34,roofing
Right Service Roofing and Roof Repair NJ,+1 862-397-7487,https://rightserviceroofingandroofrepair.com/,"111 Canfield Ave, Randolph, NJ 07869, United States",4.900000,74,roofing
1 New View Roof Repair,+1 973-330-7055,https://www.1newviewroofrepair.com/,"5 Cherokee Ave, Rockaway, NJ 07866, United States",5.000000,145,roofing
Perfect Roofing Team LLC - Roofing Contractor NJ,+1 862-238-6353,http://www.perfectroofingteam.com/,"380 Garibaldi Ave, Lodi, NJ 07644, United States",5.000000,41,roofing
Martin & Sons Roofing,+1 551-290-4333,https://martinsonsleakdetection.com/monroe-township-nj/,"365 County Rd 613, Monroe Township, NJ 08831, United States",4.900000,58,roofing
Express Roofing - NJ,+1 908-373-1983,https://expressroofingnj.com/,"25 Hall Ave, Flagtown, NJ 08821, United States",5.000000,34,roofing
Roof Works,+1 732-543-7813,https://www.roofworksnj.com/,"18 Kings Hwy Suite 102, Middletown Township, NJ 07748, United States",5.000000,114,roofing
Executive Roofing Systems,+1 732-972-3770,https://www.executiveroof.com/,"316 Tennent Rd Unit 102, Morganville, NJ 07751, United States",4.700000,70,roofing
Right Service Roof Repair and Roof Installation,+1 732-592-1120,https://rightserviceroofrepairandroofinstallation.com/,"190 Ocean Ave, Lakewood, NJ 08701, United States",5.000000,11,roofing
Top Shield Roofing,+1 201-366-8095,https://topshieldroofingus.com/,"85 Freneau Ave, Matawan, NJ 07747, United States",4.900000,64,roofing
Porter Family Roofers LLC,+1 862-660-8001,https://porterroofers.com/,"405 US-130, East Windsor, NJ 08520, United States",4.900000,80,roofing
Garcia & Sons Roof Repair,+1 551-290-4100,https://garciaroofrepair.com/,"335 Lacey Rd, Forked River, NJ 08731, United States",4.800000,48,roofing
Wright Family Roof Repair,+1 862-660-8080,https://wrightroofrepair.com/,"218 Farnsworth Ave, Bordentown, NJ 08505, United States",4.800000,61,roofing
My Roofing Contractor,+1 609-516-8946,https://www.my-roofing-contractor.com/,"191 Parkinson Ave, Hamilton Township, NJ 08610, United States",5.000000,36,roofing
Reese Roof & Repair,+1 908-910-1796,https://www.reeseroofandrepair.com/,"66 Sweetmans Ln, Manalapan Township, NJ 07726, United States",4.900000,78,roofing
Right Service Roof Repair and Roofers,+1 848-346-2527,https://rightserviceroofrepairandroofers.com/,"1861 Hooper Ave, Toms River, NJ 08753, United States",5.000000,31,roofing
V & R Roofing Repair N Installation,+1 908-731-5889,,"107 Sunfield Ave, Edison, NJ 08837, United States",5.000000,9,roofing
Navarro Family Roofing,+1 551-310-2400,,"260 Ryders Ln, Milltown, NJ 08850, United States",4.800000,58,roofing
Martin Brothers Roof Repair,+1 862-660-8187,https://martinroofrepair.com/,"1664 E State St, Trenton, NJ 08609, United States",4.800000,68,roofing
Epdm Roofing NJ,+1 732-795-6506,http://www.greenappleroofing.com/,"5 Quailtree Ln suite 90, Howell Township, NJ 07731, United States",5.000000,22,roofing
Adams Brothers Roof Repair,+1 862-370-3440,https://adamsbrothersroofrepair.com/,"411 Cuyler Ave, Trenton, NJ 08629, United States",4.900000,91,roofing
A.Damiano & Sons Roofing,+1 609-695-0854,https://www.facebook.com/adamianosonsroofing/about,"122-1/2 Division St, Trenton, NJ 08611, United States",4.800000,41,roofing
Trenton Roofing & Siding,+1 609-393-6780,https://trentonroofing.com/?utm_campaign=gmb&utm_medium=organic&utm_source=google,"803 Liberty St, Trenton, NJ 08611, United States",5.000000,1390,"roofing,siding"
Roof Wizards,+1 609-394-9273,https://roofwizards.com/?utm_source=google&utm_medium=organic&utm_campaign=gbp,"839 Brunswick Ave, Trenton, NJ 08638, United States",4.900000,177,roofing
Mercer Roofing And Siding,+1 609-414-6369,https://mercerroofingandsiding.com/,"1735 Brunswick Ave, Lawrence Township, NJ 08648, United States",4.900000,56,roofing
Dream Home Roofing,+1 609-379-9816,https://www.dhroof.com/,"3606 Nottingham Way, Hamilton Township, NJ 08690, United States",4.900000,368,roofing
Williams Brothers Roofing & Construction,+1 862-660-8003,https://williamsbrothersroofingconstruction.com/,"567 S Clinton Ave, Trenton, NJ 08611, United States",4.900000,67,roofing
Magic Roofing & siding inc,+1 888-314-2793,http://www.magicroofingllc.com/,"358 4th St, Ewing Township, NJ 08638, United States",4.700000,549,"roofing,siding"
United Roofing & Restoration CO.,+1 215-970-9640,http://www.unitedroofsnj.com/,"145 Watson Ave, Hamilton Township, NJ 08610, United States",5.000000,103,roofing
Wright Brothers Roofing LLC,+1 862-640-1003,https://wrightbrothersroofingllc.com/,"1751 N Olden Ave, Ewing Township, NJ 08638, United States",4.900000,93,roofing
Perfect Restoration Roofing LLC,+1 609-498-8594,https://www.perfectrestorationroofing.com/,"125 Vroom St, Trenton, NJ 08610, United States",4.900000,56,roofing
Miller Brothers Roofing LLC,+1 862-660-8120,https://millerbrothersroofingllc.com/,"1070 White Horse Ave, Hamilton Township, NJ 08610, United States",4.900000,48,roofing
Denis Contractors Roofing,+1 609-372-6350,http://deniscontractors.com/,"1301 Greenwood Ave, Trenton, NJ 08609, United States",4.900000,35,roofing
Henry Brothers Roofers LLC,+1 862-640-3008,https://henrybrothersroofingllc.com/,"32 S Main St, Robbinsville Twp, NJ 08691, United States",4.900000,69,roofing
Rivera Brothers Roofing & Construction,+1 551-324-1100,https://riveraroofingconstruction.com/,"10 NJ-31, Pennington, NJ 08534, United States",4.900000,61,roofing
MJ Roofing,+1 609-478-9220,https://www.mjroofinginc.com/,"64 Marshall Ave, Hamilton Township, NJ 08610, United States",4.800000,26,roofing
Homcertin llc,+1 609-516-1178,https://homcertinqualityroof.com/,"738 Cass St, Trenton, NJ 08611, United States",4.900000,44,roofing
Perry Brothers Roofing LLC,+1 862-640-3004,https://perryroofingllc.com/,"222 Herbert Ave, Hamilton Township, NJ 08690, United States",4.800000,38,roofing
AD Roofing,+1 609-540-2983,https://www.adroofinginc.com/,"20 Nami Ln Ste #3, Hamilton Township, NJ 08619, United States",5.000000,212,roofing
Roofers of Trenton,+1 609-629-3220,,"12 Bradford Ave, Hamilton Township, NJ 08610, United States",5.000000,22,roofing
Ameri-We-Can Roofing & Siding,+1 800-283-6350,https://ameriwecan.com/,"1287 Lower Ferry Rd, Ewing Township, NJ 08618, United States",4.400000,38,roofing
Unique Roofing & Restoration,+1 609-245-8364,http://www.uniqueroofingrestoration.com/,"2382 Whitehorse Mercerville Rd, Hamilton Township, NJ 08619, United States",5.000000,53,roofing
Simmons Family Roofing & Construction,+1 862-660-8180,https://simmonsroofingconstruction.com/,"43 N Main St, Cranbury, NJ 08512, United States",4.800000,78,roofing
Garcia & Sons Roofing Company,+1 551-270-9000,https://garciasonsleakdetection.com/union-city-nj/,"4805 Park Ave, Union City, NJ 07087, United States",4.900000,56,roofing
Prime View Home Exteriors,+1 973-687-4544,http://primeviewusa.com/,"30 Knightsbridge Rd, Piscataway, NJ 08854, United States",5.000000,83,windows
Monmouth Vinyl,+1 732-367-0708,https://www.monmouthvinyl.com/contact/,"4 Cooper Dr, Howell Township, NJ 07731, United States",4.800000,19,siding
Greg Siding,+1 609-638-6069,http://www.gregsiding.com/,"255 Midland Blvd, Howell Township, NJ 07731, United States",4.600000,8,siding
Home Makeover LLC,+1 732-230-7552,https://homemakeovernj.com/?utm_source=google&utm_medium=organic&utm_campaign=cg_gbp,"313 Princeton Court Suite #1, Shrewsbury, NJ 07702, United States",5.000000,217,siding
Global Roofing & Siding,+1 908-337-3141,http://globalroofingnynj.com/,"209 County Rd 537, Colts Neck, NJ 07722, United States",5.000000,26,siding
Superior Siding and Roofing Inc,+1 732-229-1890,https://www.superiorsiding.com/,"1309 Allaire Ave Ste C, Ocean Township, NJ 07712, United States",4.400000,29,siding
Exterior Point Home Remodeling,+1 908-793-9888,https://www.exteriorpoint.com/,"106 Apple St, Tinton Falls, NJ 07724, United States",4.900000,160,siding
"Family One Exteriors, LLC",+1 732-578-8877,https://familyoneexteriors.com/,"Suite B, 39 Cindy Ln, Ocean Township, NJ 07712, United States",5.000000,12,siding
Smith Builders Roofing & Siding,+1 732-779-5273,https://smithbuildersnj.com/,"19 Cindy Ln, Ocean Township, NJ 07712, United States",5.000000,12,siding
"Manalapan Siding, Roofing & Windows",+1 732-641-4126,https://manalapan-siding-windows-roofing.com/,"132 Millhurst Rd, Manalapan Township, NJ 07726, United States",5.000000,4,siding
QXO,+1 732-988-0470,https://www.qxo.com/,"809 3rd Ave, Asbury Park, NJ 07712, United States",4.400000,21,siding
FB Roofing & Siding,+1 732-364-1040,https://www.fbroofingsiding.com/?utm_source=google&utm_medium=organic&utm_campaign=gbp,"401 N County Line Rd, Jackson Township, NJ 08527, United States",4.800000,144,siding
LHN Vinyl Siding & Aluminum,+1 732-904-1835,,"550 Broadway #101, Long Branch, NJ 07740, United States",0.000000,0,siding
Shore Aluminum Sales,+1 732-787-7878,http://shorealuminum.com/,"165 NJ-36, Keansburg, NJ 07734, United States",4.600000,19,siding
Vanguard Home Remodeling Group,+1 732-233-9242,https://www.vanguardhrg.com/,"53 Belmar Blvd, Farmingdale, NJ 07727, United States",5.000000,11,siding
Buzzworthy Roofing & Siding,+1 844-708-1271,https://www.callbuzzworthy.com/,"34 Tice Rd Suite 1, Farmingdale, NJ 07727, United States",5.000000,6,siding
"Morris County Roofing and Siding, LLC",+1 862-391-1619,https://www.mocoroofing.net/,"289 Mt Hope Ave Apt V22, Dover, NJ 07801, United States",5.000000,52,siding
DELUXE CONSTRUCTION NJ LLC,+1 201-552-1543,http://deluxeconstructionnj.com/,"117 5th St, Ridgefield Park, NJ 07660, United States",5.000000,50,siding
Newark Siding Specialist,+1 551-301-1766,http://newarksidingspecialists.shop/,"83 Seymour Ave, Newark, NJ 07108, United States",5.000000,12,siding
"Dura-Plex, Inc.",+1 732-458-4061,http://dura-plex.com/,"1681 NJ-88, Brick Township, NJ 08724, United States",4.900000,419,siding
"Jamar Construction A Leader in Siding, Doors and Windows Solutions",+1 201-265-2658,http://jamarconstruction.com/,"555 S Broad St, Glen Rock, NJ 07452, United States",5.000000,27,siding
"Aspen Home Remodeling, LLC.",+1 201-994-5354,https://www.aspenhomeremodelingllc.com/,"700 Kinderkamack Rd #106, Oradell, NJ 07649, United States",5.000000,264,siding
Splendor Roof Repair and Installation,+1 201-693-7788,http://splendorsidingandroofing.com/,"25-06 Waverly Ave, Fair Lawn, NJ 07410, United States",5.000000,805,siding
F5 Remodeling,+1 551-271-0650,https://f5remodeling.com/,"8 Station Square #2, Rutherford, NJ 07070, United States",5.000000,65,siding
Father and Sons Home Improvements LLC,+1 973-855-9360,https://www.fatherandsonsnj.com/,"28 Columbine Rd 1st Floor, Paramus, NJ 07652, United States",4.700000,43,siding
MyWay Construction,+1 201-889-5810,https://mywayconstructionnj.com/,"107 Chestnut St, Rochelle Park, NJ 07662, United States",4.900000,109,siding
Mighty Dog Roofing of Northeast New Jersey,+1 201-801-5212,https://www.mightydogroofing.com/northeast-new-jersey?utm_campaign=gmb,"22 Madison Ave #103A, Paramus, NJ 07652, United States",5.000000,58,siding
Father & Sons NJ Construction LLC,+1 201-790-3303,http://fsnjconstruction.com/,"12 NJ-17, Paramus, NJ 07652, United States",5.000000,23,siding
1Call Restore,+1 201-875-2700,https://1callrestore.com/contact-us/?utm_campaign=gmb,"335 Linden Ave, Bogota, NJ 07603, United States",5.000000,59,siding
All Craft Roofing and Chimney,+1 201-220-0761,https://allcraftroofers.com/,"3 Short Way, Paramus, NJ 07652, United States",4.900000,64,siding
"PRestige , ROOfing & Constructions llc.",+1 201-757-3945,https://prestigeroofingconstruction.com/,"11 Massey St, Lodi, NJ 07644, United States",5.000000,98,siding
"Long Beach Island Siding, Roofing & Windows Experts",+1 609-631-3102,https://longbeachisland-siding-windows-roofing.com/,"6 E North Carolina Ave, Long Beach, NJ 08008, United States",5.000000,3,siding
"Proven Contracting, LLC",+1 732-800-4616,https://provenroofing.com/,"1057 Atlantic City Blvd, Bayville, NJ 08721, United States",4.900000,333,siding
J&M Elite Contractors,+1 609-770-1603,https://www.jmelitecontractors.com/reroof-and-roof-repalcement,"8c Walnut St, Toms River, NJ 08757, United States",4.900000,47,siding
Twin Roofing & Siding,+1 732-240-3780,http://www.twininc.com/,"100 NJ-37, Toms River, NJ 08753, United States",4.800000,56,siding
Elite Trim And Siding General Contractor LLC,+1 732-343-3120,https://elitetrimandsiding.com/,"1003 Midwood Dr, Toms River, NJ 08753, United States",5.000000,3,siding
EMT Roofing & Siding,+1 732-633-6004,https://emtroofing.com/,"406 Mantoloking Rd, Brick Township, NJ 08723, United States",4.900000,137,siding
American Custom Roofing and Siding,+1 609-242-8180,http://www.americancustomrs.com/,"8 Renee Ct, Forked River, NJ 08731, United States",5.000000,111,siding
Wayne’s Roofing Co.,+1 732-847-6201,https://waynesroofingco.com/,"2161 Whitesville Rd, Toms River, NJ 08755, United States",5.000000,297,siding
Hardie Windows & Siding Co,+1 732-988-2522,http://hardiewindowssiding.com/,"813 Main St #4, Avon-By-The-Sea, NJ 07717, United States",5.000000,4,siding
Dover Roofing & Siding,+1 732-240-4141,https://www.doverroofingandsiding.net/,"139 Brand Rd, Toms River, NJ 08753, United States",4.600000,11,siding
Shore Siding Inc,+1 609-399-1837,http://www.shoresiding.com/,"200 W 6th St, Ocean City, NJ 08226, United States",4.300000,41,siding
EFER Renovations Inc,+1 609-851-5625,https://eferroofingsidingnj.com/,"1201 NJ-37, Toms River, NJ 08753, United States",5.000000,57,siding
"Central Jersey Roofing and Siding, LLC",+1 732-928-4888,http://www.centraljerseyroofingandsiding.com/,"269 Andrews Rd, Jackson Township, NJ 08527, United States",4.400000,19,siding
Green Apple Roofing,+1 201-681-0060,https://greenappleroofing.com/,"20 Conaskonk Dr, Ocean Township, NJ 07712, United States",5.000000,226,siding
Exterior Improvements,+1 732-210-9440,https://www.exteriorimprovements.com/,"4400 US-9 Suite 1000-13, Freehold, NJ 07728, United States",4.900000,118,siding
Right Service Siding Repair and Installation,+1 732-831-7393,https://rightservicesidingrepairandinstallation.com/,"8 Newport Ct, Brick Township, NJ 08724, United States",5.000000,3,siding
"East Coast Roofing, Siding & Windows",+1 609-354-7308,https://www.eastcoastroofing.com/,"6090 Dannenhauer Ln STE 10, Mays Landing, NJ 08330, United States",4.500000,283,siding
US Roofing Siding Inc.,+1 732-772-5956,https://usroofingsidinginc.com/?utm_source=omg-gbp&utm_medium=webclick,"159 Main St Suite B, Matawan, NJ 07747, United States",4.900000,72,siding
Aura Home Exteriors,+1 833-498-0928,http://www.auraroof.com/,"180 Talmadge Rd, Edison, NJ 08817, United States",5.000000,104,siding
Hammer Exteriors,+1 973-442-6637,https://www.hammerexteriors.com/?utm_source=google-map&utm_campaign=gmb&utm_medium=organic,"450 Oak Tree Ave, South Plainfield, NJ 07080, United States",5.000000,91,siding
Amore Homes Roofing & Siding,+1 732-648-2195,https://amorehomesllc.com/?utm_campaign=gmb,"207 Old Forge Rd, Monroe Township, NJ 08831, United States",5.000000,70,siding
Innovative Exteriors,+1 848-200-7575,https://www.innovativenj.com/?utm_source=google&utm_medium=organic&utm_campaign=gbp-listing,"32 Wernik Pl Suite J, Metuchen, NJ 08840, United States",5.000000,99,siding
Double D Construction,+1 732-981-0800,http://www.doubledconstructionnj.com/,"480 Sidney Rd, Piscataway, NJ 08854, United States",4.900000,199,siding
CJM Professional Roofing LLC,+1 973-755-8491,http://cjmproroofing.com/,"617 Bound Brook Rd, Middlesex, NJ 08846, United States",5.000000,108,siding
Lifetime Construction LLC,+1 732-799-0967,https://lifetimenj.com/,"299 Powers St, New Brunswick, NJ 08901, United States",5.000000,74,siding
Tri-County Construction Services,+1 732-754-6667,https://tricountyconstruction.net/,"440 New Brunswick Ave, Woodbridge Township, NJ 08863, United States",5.000000,49,siding
Levs Construction LLC,+1 908-393-4723,https://levsconstruction.com/,"143 W Cliff St, Somerville, NJ 08876, United States",5.000000,40,siding
"Windows, Siding and Roofing in Old Bridge",+1 732-654-0750,https://oldbridgewsr.com/,"3171 Route 9, North St Ste 382, Old Bridge, NJ 08857, United States",4.500000,2,siding
Sonderby Contracting Roofing & Siding,+1 862-218-6266,https://sonderbycontracting.com/,"25 Cedar Rd, White House Station, NJ 08889, United States",5.000000,22,siding
American Quality Roofing & Siding,+1 973-721-3141,https://aqroofingnj.com/,"13 Raymond St, Belleville, NJ 07109, United States",4.900000,84,siding
The Carpenters Touch Roofing & Siding,+1 973-994-1085,https://www.carpenterstouchnj.com/,"600 S Livingston Ave suite 207, Livingston, NJ 07039, United States",4.900000,161,siding
Blue Nail Exteriors,+1 973-319-4372,https://bluenailnj.com/,"193 Changebridge Rd, Montville, NJ 07045, United States",4.900000,328,siding
All Seasons Siding & Roofing,+1 201-991-4647,http://aaaallseasons.com/,"1 1/2 Sylvan Way, West Caldwell, NJ 07006, United States",5.000000,33,siding
Livingston Shield Siding,+1 862-746-5079,http://livingstonlocalprosiding.shop/,"4 Countryside Dr, Livingston, NJ 07039, United States",5.000000,8,siding
Carolan Contractors,+1 973-857-1555,http://carolancontractors.com/,"709 Bloomfield Ave, Verona, NJ 07044, United States",4.900000,53,siding
Proven Contracting of Livingston,+1 973-617-2602,https://provencontractingnj.com/areas-served/proven-contracting-livingston/?utm_source=google&utm_medium=organic&utm_campaign=gmb,"184 S Livingston Ave #9, Livingston, NJ 07039, United States",4.800000,136,siding
Tritop Roofing and Siding,+1 973-330-3502,http://www.tritoproofing.com/,"111 Northfield Ave #307, West Orange, NJ 07052, United States",5.000000,33,siding
Lema's Roofing & Siding Corp.,+1 862-910-4588,https://lemasroofingandsidingcorp.com/,"30 Cortland St, Newark, NJ 07105, United States",4.900000,62,siding
Rutherford Roofing & Siding LLC.,+1 201-438-7663,http://www.rutherfordroofingsiding.com/contact-us.html,"227 Summer St, East Rutherford, NJ 07073, United States",4.800000,39,siding
Morris Renovations Inc,+1 973-532-2677,https://www.morrisrenovations.com/,"187 Speedwell Ave, Morristown, NJ 07960, United States",4.900000,118,siding
K & B Home Remodelers,+1 862-305-0462,https://www.kbhomesnj.com/?utm_source=google&utm_medium=organic&utm_campaign=gmb,"111 Canfield Ave b12, Randolph, NJ 07869, United States",4.700000,119,siding
"Acorn Home Improvements, Inc.",+1 973-386-9604,https://www.acornhomeimprovements.com/,"622 NJ-10 Unit 6, Whippany, NJ 07981, United States",4.600000,73,siding
A.P. Roofing and Siding,+1 908-350-0315,http://www.aproofingandsiding.com/,"294 Main St, Chester, NJ 07930, United States",4.900000,67,siding
RJW Exteriors,+1 973-607-3746,https://www.rjwexteriors.com/?utm_source=googlemybusiness&utm_medium=organic&utm_campaign=gmbwebsite,"694 NJ-15 Ste 209, Lake Hopatcong, NJ 07849, United States",4.700000,614,siding
Proven Contracting of Randolph,+1 862-412-1608,https://provencontractingnj.com/areas-served/randolph/?utm_source=google&utm_medium=organic&utm_campaign=gmb,"96 Mt Pleasant Turnpike, Randolph, NJ 07869, United States",5.000000,60,siding
SRS Building Products,+1 973-989-6969,https://www.srsdistribution.com/en/markets/our-brands/NADOV/,"7 Lee Ave, Dover, NJ 07801, United States",4.800000,36,siding
Deck Restore,+1 609-218-7385,http://www.deckrestore.net/,"126 Nokomis Trail, Medford Lakes, NJ 08055, United States",4.900000,85,paint
Decks by Ziec,+1 908-275-7075,http://www.decksbyziec.net/,"88 Wedgewood Ave, Woodbridge, NJ 07095, United States",5.000000,197,paint
Deck Guardian,+1 908-332-8616,https://deckguardian.com/?utm_source=organic&utm_medium=gmb&utm_campaign=GMB_listings&utm_term=Franklin,"376 458 Elizabeth Ave, Somerset, NJ 08873, United States",4.800000,447,paint
Deck Express,+1 201-279-9797,http://www.thedeckexpress.com/,"115 Edgemont Rd, Watchung, NJ 07069, United States",5.000000,172,paint
Deck Works,+1 973-838-8644,https://deckworksnj.com/,"34 Lakeview Dr, Kinnelon, NJ 07405, United States",5.000000,12,paint
Danny Decks Builders,+1 973-223-9178,http://dannydecksbuilders.com/,"25 Ames Rd, Morristown, NJ 07960, United States",5.000000,60,paint
"Stryker Deck Solutions, LLC",+1 609-306-5030,https://strykerdecksolutions.com/,"28 Crestwood Ave, Hillsborough Township, NJ 08844, United States",5.000000,11,paint
Deck-Pros Construction,+1 800-726-3325,http://www.thedeckpros.com/,"586 Country Club Rd, Bridgewater, NJ 08807, United States",4.900000,61,paint
"Deck Facelifters, LLC",+1 856-816-8593,https://www.deckfacelifters.com/,"210 Evergreen Ave, Oaklyn, NJ 08107, United States",3.900000,7,paint
J & S Decks of New Jersey,+1 732-744-6990,http://www.jandsdecks.com/,"235 Hana Rd, Edison, NJ 08817, United States",5.000000,2,paint
M&C DECK COMPANY LLC,+1 856-345-4577,https://mcdeckcompany.com/,"23 Robbins Ave, Somerset, NJ 08873, United States",5.000000,20,paint
Deckprosnj,+1 201-657-6313,http://www.deckprosnj.com/,"235 Alexandria Dr, Hackettstown, NJ 07840, United States",4.900000,17,paint
Deck Restoration Plus,+1 609-268-3436,http://www.deckrestorationplus.com/,"152 Indian Mills Rd Unit B, Shamong, NJ 08088, United States",4.800000,81,paint
